B6M24259,OA1,MRD38025
C7M54465,OA1,MRD38025
B6M24501,OA1,MRD38025
B6M24502,OA1,MRD38025
B6M24503,OA1,MRD38025
C7M54864,OA1,MRD38025
C7M54105,OA1,MRD38025
D8M68350,OA1,MRD38025
D8M69230,OA1,MRD38025
D8M68352,OA1,MRD38025
D8M68353,OA1,MRD38025
E9M67335,OA1,MRD38025
E9M66381,OA1,MRD38025
C7M54734,OA1,MRD38025
C7M54735,OA1,MRD38025
C7M54736,OA1,MRD38025
C7M54737,OA1,MRD38025
E9M66127,OA1,MRD38025
B6M24478,OA1,MRD38025
D8M68346,OA1,MRD38025
C7M54102,OA1,MRD38025
C7M54103,OA1,MRD38025
D8M68347,OA1,MRD38025
D8M68348,OA1,MRD38025
E9M67333,OA1,MRD38025
E9M66129,OA1,MRD38025
E9M67334,OA1,MRD38025
E9M66128,OA1,MRD38025
D8M68914,OA1,MRD38025
D8M68349,OA1,MRD38025
D8M69216,OA1,MRD38025
D8M69217,OA1,MRD38025
B6M24260,OA1,MRD38025
C7M54466,OA1,MRD38025
C7M54732,OA1,MRD38025
D8M69204,OA1,MRD38025
D8M68355,OA1,MRD38025
D8M69205,OA1,MRD38025
D8M68357,OA1,MRD38025
D8M68358,OA1,MRD38025
D8M68359,OA1,MRD38025
D8M68360,OA1,MRD38025
B6M24493,OA1,MRD38025
E9M68244,OA1,MRD38025
E9M68337,OA1,MRD38025
E9M68338,OA1,MRD38025
D8M69919,OA1,MRD38025
C7M55632,OA1,MRD38025
E9M68486,OA1,MRD38025
C7M55615,OA1,MRD38025
D8M71170,OA1,MRD38025
E9M69117,OA1,MRD38025
B6M24261,OA2,MRD38026
C7M54467,OA2,MRD38026
B6M24262,OA2,MRD38026
C7M54468,OA2,MRD38026
B6M24494,OA2,MRD38026
B6M24779,OA1S,MRD38051
C7M55253,OA1S,MRD38051
B6M24780,OA1S,MRD38051
C7M55254,OA1S,MRD38051
C7M55623,OA1S,MRD38051
B6M24996,OA1S,MRD38051
B6M25004,OA1S,MRD38051
B6M24781,OA2S,MRD38052
C7M55255,OA2S,MRD38052
B6M24782,OA2S,MRD38052
C7M55256,OA2S,MRD38052
B6M25005,OA2S,MRD38052
B6M25460,OA1T,MRD38094
C7M56441,OA1T,MRD38094
B6M25461,OA1T,MRD38094
C7M56442,OA1T,MRD38094
B6M25465,OA1T,MRD38094
B6M25462,OA2T,MRD38095
C7M56443,OA2T,MRD38095
B6M25463,OA2T,MRD38095
C7M56444,OA2T,MRD38095
B6M25466,OA2T,MRD38095
B6M24269,AC,MRD38027
C7M54472,AC,MRD38027
C7M54770,AC,MRD38027
B6M24500,AC,MRD38027
D8M69227,AC,MRD38027
D8M69228,AC,MRD38027
C7M54740,AC,MRD38027
C7M54742,AC,MRD38027
D8M69214,AC,MRD38027
D8M69229,AC,MRD38027
C7M54473,AC,MRD38027
D8M69224,AC,MRD38027
D8M69206,AC,MRD38027
D8M69207,AC,MRD38027
D8M69208,AC,MRD38027
D8M69924,AC,MRD38027
D8M70927,AC,MRD38027
B6M24774,ACT,MRD38049
C7M55245,ACT,MRD38049
C7M55246,ACT,MRD38049
D8M69908,ACT,MRD38049
B6M24270,DC,MRD38028
C7M54474,DC,MRD38028
D8M68990,DC,MRD38028
C7M54738,DC,MRD38028
B6M24479,DC,MRD38028
C7M54743,DC,MRD38028
D8M69215,DC,MRD38028
E9M67896,DC,MRD38028
E9M67897,DC,MRD38028
E9M67907,DC,MRD38028
E9M67898,DC,MRD38028
B6M24271,DC,MRD38028
B6M24497,DC,MRD38028
C7M54733,DC,MRD38028
D8M69209,DC,MRD38028
D8M69210,DC,MRD38028
D8M69211,DC,MRD38028
D8M69212,DC,MRD38028
D8M69213,DC,MRD38028
C7M54475,DC,MRD38028
C7M54741,DC,MRD38028
B6M24504,DC,MRD38028
C7M54771,DC,MRD38028
B6M24505,DC,MRD38028
C7M54870,DC,MRD38028
C7M54871,DC,MRD38028
D8M69231,DC,MRD38028
D8M69232,DC,MRD38028
D8M69233,DC,MRD38028
D8M69234,DC,MRD38028
D8M69630,DC,MRD38028
C7M55144,DC,MRD38028
E9M66125,DC,MRD38028
D8M71741,DC,MRD38028
D8M71742,DC,MRD38028
D8M71743,DC,MRD38028
D8M71744,DC,MRD38028
D8M71745,DC,MRD38028
C7M57022,DC,MRD38028
B6M24775,DCT,MRD38050
C7M55247,DCT,MRD38050
B6M24796,DCT,MRD38050
B6M24797,DCT,MRD38050
B6M24798,DCT,MRD38050
D8M69825,DCT,MRD38050
D8M69826,DCT,MRD38050
D8M69827,DCT,MRD38050
D8M69828,DCT,MRD38050
C7M55296,DCT,MRD38050
C7M55297,DCT,MRD38050
B6M24799,DCT,MRD38050
D8M69957,DCT,MRD38050
D8M69829,DCT,MRD38050
D8M69830,DCT,MRD38050
E9M68352,DCT,MRD38050
D8M69949,DCT,MRD38050
B6M24776,DCT,MRD38050
B6M24800,DCT,MRD38050
D8M69831,DCT,MRD38050
D8M69832,DCT,MRD38050
D8M69833,DCT,MRD38050
D8M69834,DCT,MRD38050
D8M69835,DCT,MRD38050
D8M69836,DCT,MRD38050
B6M24992,RPS,MRC31725
C7M55617,RPS,MRC31725
B6M24993,RPS,MRC31725
B6M24994,RPS,MRC31725
C7M55618,RPS,MRC31725
B6M25006,RPS,MRC31725
B6M25213,RPS,MRC31725
D8M70812,RPS,MRC31725
D8M70813,RPS,MRC31725
D8M70814,RPS,MRC31725
B6M25234,RPS,MRC31725
E9M68784,RPS,MRC31725
E9M68929,RPS,MRC31725
E9M68942,RPS,MRC31725
D8M71754,RPS,MRC31725
B6M25231,RP1,MRC31747
C7M55963,RP1,MRC31747
B6M25229,RP1,MRC31747
B6M25230,RP1,MRC31747
B6M25332,RP1,MRC31747
B6M25228,RP2,MRC31748
C7M55964,RP2,MRC31748
B6M25232,RP2,MRC31748
B6M25233,RP2,MRC31748
B6M25333,RP2,MRC31748
B6M24263,RP1,MRC31709
C7M54469,RP1,MRC31709
B6M24499,RP1,MRC31709
D8M68363,RP1,MRC31709
C7M54739,RP1,MRC31709
B6M24480,RP1,MRC31709
E9M67338,RP1,MRC31709
E9M67903,RP1,MRC31709
D8M68366,RP1,MRC31709
D8M69226,RP1,MRC31709
B6M24264,RP1,MRC31709
B6M24495,RP1,MRC31709
B6M24265,RP1,MRC31709
D8M68891,RP1,MRC31709
E9M67339,RP1,MRC31709
E9M68378,RP1,MRC31709
E9M68654,RP1,MRC31709
B6M24266,RP2,MRC31710
C7M54470,RP2,MRC31710
B6M24267,RP2,MRC31710
B6M24496,RP2,MRC31710
B6M24268,RP2,MRC31710
C7M54471,WT,MRZ04381
B6M24498,WT,MRZ04381
D8M68385,WT,MRZ04381
D8M69225,WT,MRZ04381
E9M67901,WT,MRZ04381
C7M55631,KIT,MRZ09452
B6M25052,KIT,MRZ09461
C7M55794,KIT,MRZ09464
C7M56209,KIT,MRZ09479
D8M71987,KIT,MRZ09489
D8M71988,KIT,MRZ09490
